id,Title,Content,SKU,Price,"Sale Price","Product Type",parent_id,"Regular Price","Image URL","Image Filename","Image Path","Image ID","Image Title","Image Caption","Image Description","Image Alt Text","Stock Status","Total Sales","Attribute Name (pa_printing-detail)","Attribute Value (pa_printing-detail)","Attribute In Variations (pa_printing-detail)","Attribute Is Visible (pa_printing-detail)","Attribute Is Taxonomy (pa_printing-detail)","Attribute Name (pa_sealant)","Attribute Value (pa_sealant)","Attribute In Variations (pa_sealant)","Attribute Is Visible (pa_sealant)","Attribute Is Taxonomy (pa_sealant)","Attribute Name (pa_weight-color)","Attribute Value (pa_weight-color)","Attribute In Variations (pa_weight-color)","Attribute Is Visible (pa_weight-color)","Attribute Is Taxonomy (pa_weight-color)","Attribute Name (pa_window)","Attribute Value (pa_window)","Attribute In Variations (pa_window)","Attribute Is Visible (pa_window)","Attribute Is Taxonomy (pa_window)","Attribute Name (Custom-printing)","Attribute Value (Custom-printing)","Attribute In Variations (Custom-printing)","Attribute Is Visible (Custom-printing)","Attribute Is Taxonomy (Custom-printing)","Attribute Name (Dropdown-feature)","Attribute Value (Dropdown-feature)","Attribute In Variations (Dropdown-feature)","Attribute Is Visible (Dropdown-feature)","Attribute Is Taxonomy (Dropdown-feature)","Attribute Name (Sealing-method)","Attribute Value (Sealing-method)","Attribute In Variations (Sealing-method)","Attribute Is Visible (Sealing-method)","Attribute Is Taxonomy (Sealing-method)",Excerpt,Permalink,"Attachment URL","Attachment Filename","Attachment Path","Attachment ID","Attachment Title","Attachment Caption","Attachment Description","Attachment Alt Text","Product Categories","Product Tags",Length,Weight,Width,Height,"Purchase Note",Status,Slug
75,"#8-5/8 Regular","SKU: 858-R
Style: #8-5/8 Commercial
Size: 3-5/8 x 8-5/8
Color: White Wove
Paper Weight: 24#
Sealing Method: Remoist Gum
Availability: Plain items usually ship in 1 to 2 business days. Printed items ship an additional 3 to 5 business days.",858-R,15.78,,simple,0,15.78,http://azenvelope.youareheremedia.com/wp-content/uploads/2015/04/All-Commercials.jpg,All-Commercials.jpg,/home/azenvelope1/public_html/azenvelope.youareheremedia.com/wp-content/uploads/2015/04/All-Commercials.jpg,869,"All Commercials","#80-Use This One",,,instock,1,printing-detail,,no,no,no,sealant,,no,no,no,weight-color,,no,no,no,window,,no,no,no,Custom-printing,,no,no,no,Dropdown-feature,,no,no,no,Sealing-method,,yes,yes,no,"Size: 3-5/8 x 8-5/8
Color: White Wove
Paper Weight: 24#
Sealing Method: Remoist Gum",http://azenvelope.youareheremedia.com/product/8-58-commercial-858-r/,,,,,,,,,"Stock Size Envelopes",,,6,,,,publish,8-58-commercial-858-r
76,"#6-3/4 Regular","SKU: 634-R
Style: #6-3/4 Commercial
Size: 3-5/8 x 6-1/2
Color: White Wove
Paper Weight: 24#
Sealing Method: Remoist Gum
Availability: Plain items usually ship in 1 to 2 business days. Printed items ship an additional 3 to 5 business days.",634-R,8.18,,simple,0,8.18,http://azenvelope.youareheremedia.com/wp-content/uploads/2015/04/All-Commercials.jpg,All-Commercials.jpg,/home/azenvelope1/public_html/azenvelope.youareheremedia.com/wp-content/uploads/2015/04/All-Commercials.jpg,869,"All Commercials","#80-Use This One",,,instock,0,printing-detail,,no,no,no,sealant,,no,no,no,weight-color,,no,no,no,window,,no,no,no,Custom-printing,,no,no,no,Dropdown-feature,,no,no,no,Sealing-method,,yes,yes,no,"Size: 3-5/8 x 6-1/2
Color: White Wove
Paper Weight: 24#
Sealing Method: Remoist Gum",http://azenvelope.youareheremedia.com/product/6-34-commercial-634-r/,,,,,,,,,"Stock Size Envelopes",,,5,,,,publish,6-34-commercial-634-r
77,"#10 Window Tint Zip Stick Self Seal","SKU: 10-W-Z-BKT
Style: #10 Commercial
Size: 4-1/8 x 9-1/2
Color: White Wove
Paper Weight: 24#
Sealing Method: Zip Stick
Security Tint: Black
Window Size: 1-1/8 x 4-1/2
Window Position: 7/8 Left x 1/2 Bottom
Availability: Plain items usually ship in 1 to 2 business days. Printed items ship an additional 3 to 5 business days.",10-W-Z-BKT,31.08,,simple,0,31.08,http://azenvelope.youareheremedia.com/wp-content/uploads/2015/04/NI-H-10-Open-Side-Window-Tint-Front-Back.jpg,NI-H-10-Open-Side-Window-Tint-Front-Back.jpg,/home/azenvelope1/public_html/azenvelope.youareheremedia.com/wp-content/uploads/2015/04/NI-H-10-Open-Side-Window-Tint-Front-Back.jpg,883,"#10 Open Side Window Tint-Front:Back",#110,,,instock,8,printing-detail,,no,no,no,sealant,,no,no,no,weight-color,,no,no,no,window,,no,no,no,Custom-printing,,no,no,no,Dropdown-feature,,no,no,no,Sealing-method,,no,yes,no,"Size: 4-1/8 x 9-1/2
Color: White Wove
Paper Weight: 24#
Sealing Method: Zip Stick
Security Tint: Black
Window Size: 1-1/8 x 4-1/2
Window Position: 7/8 Left x 1/2 Bottom",http://azenvelope.youareheremedia.com/product/10-open-side-10-w-z-bkt/,,,,,,,,,"Stock Size Envelopes",,,8,,,,publish,10-open-side-10-w-z-bkt
78,"#10 Window Zip Stick Self Seal","SKU: 10-W-Z
Style: #10 Commercial
Size: 4-1/8 x 9-1/2
Color: White Wove
Paper Weight: 24#
Sealing Method: Zip Stick
Window Size: 1-1/8 x 4-1/2
Window Position: 7/8 Left x 1/2 Bottom
Availability: Plain items usually ship in 1 to 2 business days. Printed items ship an additional 3 to 5 business days.",10-W-Z,29.22,,simple,0,29.22,http://azenvelope.youareheremedia.com/wp-content/uploads/2015/04/NI-G-10-Open-Side-Window-Front-Back.jpg,NI-G-10-Open-Side-Window-Front-Back.jpg,/home/azenvelope1/public_html/azenvelope.youareheremedia.com/wp-content/uploads/2015/04/NI-G-10-Open-Side-Window-Front-Back.jpg,882,"#10 Open Side Window Front-Back",#110,,,instock,0,printing-detail,,no,no,no,sealant,,no,no,no,weight-color,,no,no,no,window,,no,no,no,Custom-printing,,no,no,no,Dropdown-feature,,no,no,no,Sealing-method,,no,yes,no,"Size: 4-1/8 x 9-1/2
Color: White Wove
Paper Weight: 24#
Sealing Method: Zip Stick
Window Size: 1-1/8 x 4-1/2
Window Position: 7/8 Left x 1/2 Bottom",http://azenvelope.youareheremedia.com/product/10-open-side-10-w-z/,,,,,,,,,"Stock Size Envelopes",,,8,,,,publish,10-open-side-10-w-z
79,"#10 Tint Zip Stick Self Seal","SKU: 10-Z-BKT
Style: #10 Open Side
Size: 4-1/8 x 9-1/2
Color: White Wove
Paper Weight: 24#
Sealing Method: Zip Stick
Security Tint: Black
Availability: Plain items usually ship in 1 to 2 business days. Printed items ship an additional 3 to 5 business days.",10-Z-BKT,29.50,,simple,0,29.50,http://azenvelope.youareheremedia.com/wp-content/uploads/2015/04/10-Open-Side.jpg,10-Open-Side.jpg,/home/azenvelope1/public_html/azenvelope.youareheremedia.com/wp-content/uploads/2015/04/10-Open-Side.jpg,874,"#10 Open Side",#110,,,instock,14,printing-detail,,no,no,no,sealant,,no,no,no,weight-color,,no,no,no,window,,no,no,no,Custom-printing,,no,no,no,Dropdown-feature,,no,no,no,Sealing-method,,no,yes,no,"Size: 4-1/8 x 9-1/2
Color: White Wove
Paper Weight: 24#
Sealing Method: Zip Stick
Security Tint: Black",http://azenvelope.youareheremedia.com/product/10-open-side-10-z-bkt/,,,,,,,,,"Stock Size Envelopes",,,8,,,,publish,10-open-side-10-z-bkt
80,"#10 Zip Stick Self Seal","SKU: 10-Z
Style: #10 Open Side
Size: 4-1/8 x 9-1/2
Color: White Wove
Paper: Weight 24#
Sealing Method: Zip Stick
Availability: Plain items usually ship in 1 to 2 business days. Printed items ship an additional 3 to 5 business days.",10-Z,27.78,,simple,0,27.78,http://azenvelope.youareheremedia.com/wp-content/uploads/2015/04/10-Open-Side.jpg,10-Open-Side.jpg,/home/azenvelope1/public_html/azenvelope.youareheremedia.com/wp-content/uploads/2015/04/10-Open-Side.jpg,874,"#10 Open Side",#110,,,instock,0,printing-detail,,no,no,no,sealant,,no,no,no,weight-color,,no,no,no,window,,no,no,no,Custom-printing,,no,no,no,Dropdown-feature,,no,no,no,Sealing-method,,no,yes,no,"Size: 4-1/8 x 9-1/2
Color: White Wove
Paper: Weight 24#
Sealing Method: Zip Stick",http://azenvelope.youareheremedia.com/product/10-open-side-10-z/,,,,,,,,,"Stock Size Envelopes",,,8,,,,publish,10-open-side-10-z
81,"#10 Heat Resistant","SKU: 10-WH
Style: #10 Heat Resistant
Size: 4-1/8 x 9-1/2
Color: White Wove
Paper: Weight 24#
Sealing Method: Remoist Gum
Window Size: 1-1/8 x 4-1/2
Window Position: 7/8 Left x 1/2 Bottom
Availability: Plain items usually ship in 1 to 2 business days. Printed items ship an additional 3 to 5 business days.",10-WH,27.94,,simple,0,27.94,http://azenvelope.youareheremedia.com/wp-content/uploads/2015/04/NI-C-10-Standard-Window-Front-Back1.jpg,NI-C-10-Standard-Window-Front-Back1.jpg,/home/azenvelope1/public_html/azenvelope.youareheremedia.com/wp-content/uploads/2015/04/NI-C-10-Standard-Window-Front-Back1.jpg,873,"#10 Standard Window -Front-Back","#80-Use This One",,,instock,8,printing-detail,,no,no,no,sealant,,no,no,no,weight-color,,no,no,no,window,,no,no,no,Custom-printing,,no,no,no,Dropdown-feature,,no,no,no,Sealing-method,,no,yes,no,"Size: 4-1/8 x 9-1/2
Color: White Wove
Paper: Weight 24#
Sealing Method: Remoist Gum
Window Size: 1-1/8 x 4-1/2
Window Position: 7/8 Left x 1/2 Bottom",http://azenvelope.youareheremedia.com/product/10-heat-resistant-10-wh/,,,,,,,,,"Stock Size Envelopes",,,7,,,,publish,10-heat-resistant-10-wh
82,"#10 Fast Forward Window","SKU: 10-FFW
Style: #10 Commercial
Size: 4-1/8 x 9-1/2
Color: White Wove
Paper Weight: 24#
Sealing Method: Remoist Gum
Window Size: 1-1/8 x 4-1/2
Window Position: 7/8 Left x 11/16 Bottom
Availability: Plain items usually ship in 1 to 2 business days. Printed items ship an additional 3 to 5 business days.",10-FFW,11.28,,simple,0,11.28,http://azenvelope.youareheremedia.com/wp-content/uploads/2015/04/NI-F-10-Fast-Forward-Window-Front-Back.jpg,NI-F-10-Fast-Forward-Window-Front-Back.jpg,/home/azenvelope1/public_html/azenvelope.youareheremedia.com/wp-content/uploads/2015/04/NI-F-10-Fast-Forward-Window-Front-Back.jpg,881,"#10 Fast Forward Window -Front-Back","#80-Use This One",,,instock,26,printing-detail,,no,no,no,sealant,,no,no,no,weight-color,,no,no,no,window,,no,no,no,Custom-printing,,no,no,no,Dropdown-feature,,no,no,no,Sealing-method,,yes,yes,no,"Size: 4-1/8 x 9-1/2
Color: White Wove
Paper Weight: 24#
Sealing Method: Remoist Gum
Window Size: 1-1/8 x 4-1/2
Window Position: 7/8 Left x 11/16 Bottom",http://azenvelope.youareheremedia.com/product/10-commercial-10-ffw/,,,,,,,,,"#9 &amp; #10 Envelopes>Window",,,7,,,,publish,10-commercial-10-ffw
83,"#10 Right Window","SKU: 10-RW
Style: #10 Commercial
Size: 4-1/8 x 9-1/2
Color: White Wove
Paper Weight: 24#
Sealing Method: Remoist Gum
Window Size: 1-1/8 x 4-1/2
Window Position: 4-1/8 Left x 1/2 Bottom
Availability: Plain items usually ship in 1 to 2 business days. Printed items ship an additional 3 to 5 business days.",10-RW,13.82,,simple,0,13.82,http://azenvelope.youareheremedia.com/wp-content/uploads/2015/04/NI-E-10-Right-Window-Front-Back.jpg,NI-E-10-Right-Window-Front-Back.jpg,/home/azenvelope1/public_html/azenvelope.youareheremedia.com/wp-content/uploads/2015/04/NI-E-10-Right-Window-Front-Back.jpg,880,"#10 Right Window -Front-Back","#80-Use This One",,,instock,3,printing-detail,,no,no,no,sealant,,no,no,no,weight-color,,no,no,no,window,,no,no,no,Custom-printing,,no,no,no,Dropdown-feature,,no,no,no,Sealing-method,,yes,yes,no,"Size: 4-1/8 x 9-1/2
Color: White Wove
Paper Weight: 24#
Sealing Method: Remoist Gum
Window Size: 1-1/8 x 4-1/2
Window Position: 4-1/8 Left x 1/2 Bottom",http://azenvelope.youareheremedia.com/product/10-commercial-10-rw/,,,,,,,,,"#9 &amp; #10 Envelopes>Window",,,7,,,,publish,10-commercial-10-rw
84,"#10 Window Tint","SKU: 10-W-BKT
Style: #10 Commercial
Size: 4-1/8 x 9-1/2
Color: White Wove
Paper Weight: 24#
Sealing Method: Remoist Gum
Security Tint: Black
Window Size: 1-1/8 x 4-1/2
Window Position: 7/8 Left x 1/2 Bottom
Availability: Plain items usually ship in 1 to 2 business days. Printed items ship an additional 3 to 5 business days.",10-W-BKT,13.27,,simple,0,13.27,http://azenvelope.youareheremedia.com/wp-content/uploads/2015/04/NI-D-10-Window-Tint-Front-Back.jpg,NI-D-10-Window-Tint-Front-Back.jpg,/home/azenvelope1/public_html/azenvelope.youareheremedia.com/wp-content/uploads/2015/04/NI-D-10-Window-Tint-Front-Back.jpg,872,"#10 Back","#80-Use This One",,,instock,1,printing-detail,,no,no,no,sealant,,no,no,no,weight-color,,no,no,no,window,,no,no,no,Custom-printing,,no,no,no,Dropdown-feature,,no,no,no,Sealing-method,,yes,yes,no,"Size: 4-1/8 x 9-1/2
Color: White Wove
Paper Weight: 24#
Sealing Method: Remoist Gum
Security Tint: Black
Window Size: 1-1/8 x 4-1/2
Window Position: 7/8 Left x 1/2 Bottom",http://azenvelope.youareheremedia.com/product/10-commercial-10-w-bkt/,,,,,,,,,"#9 &amp; #10 Envelopes>Window",,14,7,10,6,,publish,10-commercial-10-w-bkt
85,"#10 Window","SKU: 10-W
Style: #10 Commercial
Size: 4-1/8 x 9-1/2
Color: White Wove
Paper Weight: 24#
Sealing Method: Remoist Gum
Window Size: 1-1/8 x 4-1/2
Window Position: 7/8 Left x 1/2 Bottom
Availability: Plain items usually ship in 1 to 2 business days. Printed items ship an additional 3 to 5 business days.",10-W,11.28,,simple,0,11.28,http://azenvelope.youareheremedia.com/wp-content/uploads/2015/04/NI-C-10-Standard-Window-Front-Back1.jpg,NI-C-10-Standard-Window-Front-Back1.jpg,/home/azenvelope1/public_html/azenvelope.youareheremedia.com/wp-content/uploads/2015/04/NI-C-10-Standard-Window-Front-Back1.jpg,873,"#10 Standard Window -Front-Back","#80-Use This One",,,instock,38,printing-detail,,no,no,no,sealant,,no,no,no,weight-color,,no,no,no,window,,no,no,no,Custom-printing,,no,no,no,Dropdown-feature,,no,no,no,Sealing-method,,yes,yes,no,"Size: 4-1/8 x 9-1/2
Color: White Wove
Paper Weight: 24#
Sealing Method: Remoist Gum
Window Size: 1-1/8 x 4-1/2
Window Position: 7/8 Left x 1/2 Bottom",http://azenvelope.youareheremedia.com/product/10-commercial-10-w/,,,,,,,,,"#9 &amp; #10 Envelopes>Window",,14,7,10,6,,publish,10-commercial-10-w
87,"#9 Window","SKU: 9-W
Style: #9 Commercial
Size: 3-7/8 x 8-7/8
Color: White Wove
Paper Weight: 24#
Sealing Method: Remoist Gum
Window Size: 1-1/8 x 4-1/2
Window Position: 7/8 Left x 1/2 Bottom
Availability: Plain items usually ship in 1 to 2 business days. Printed items ship an additional 3 to 5 business days.",9-W,11.28,,simple,0,11.28,http://azenvelope.youareheremedia.com/wp-content/uploads/2015/04/NI-C-10-Standard-Window-Front-Back1.jpg,NI-C-10-Standard-Window-Front-Back1.jpg,/home/azenvelope1/public_html/azenvelope.youareheremedia.com/wp-content/uploads/2015/04/NI-C-10-Standard-Window-Front-Back1.jpg,873,"#10 Standard Window -Front-Back","#80-Use This One",,,instock,3,printing-detail,,no,no,no,sealant,,no,no,no,weight-color,,no,no,no,window,,no,no,no,Custom-printing,,no,no,no,Dropdown-feature,,no,no,no,Sealing-method,,yes,yes,no,"Size: 3-7/8 x 8-7/8
Color: White Wove
Paper Weight: 24#
Sealing Method: Remoist Gum
Window Size: 1-1/8 x 4-1/2
Window Position: 7/8 Left x 1/2 Bottom",http://azenvelope.youareheremedia.com/product/9-commercial-9-w/,,,,,,,,,"#9 &amp; #10 Envelopes>Window",,14,6,10,6,,publish,9-commercial-9-w
88,"#9 Regular Tint","SKU: 9-R-BKT
Style: Commercial
Size: 3-7/8 x 8-7/8
Color: White Wove
Paper Weight: 24#
Sealing Method: Remoist Gum
Security Tint: Black
Availability: Plain items usually ship in 1 to 2 business days. Printed items ship an additional 3 to 5 business days.",9-R-BKT,11.62,,simple,0,11.62,http://azenvelope.youareheremedia.com/wp-content/uploads/2015/04/NI-K-10-Regular-Tint-Front1.jpg,NI-K-10-Regular-Tint-Front1.jpg,/home/azenvelope1/public_html/azenvelope.youareheremedia.com/wp-content/uploads/2015/04/NI-K-10-Regular-Tint-Front1.jpg,870,"#10 Regular Tint -Front",,,,instock,0,printing-detail,,no,no,no,sealant,,no,no,no,weight-color,,no,no,no,window,,no,no,no,Custom-printing,,no,no,no,Dropdown-feature,,no,no,no,Sealing-method,,yes,yes,no,"Size: 3-7/8 x 8-7/8
Color: White Wove
Paper Weight: 24#
Sealing Method: Remoist Gum
Security Tint: Black",http://azenvelope.youareheremedia.com/product/9-commercial-9-r-bkt/,,,,,,,,,"#9 &amp; #10 Envelopes>Regular",,14,6,10,6,,publish,9-commercial-9-r-bkt
89,"#9 Regular","SKU: 9-R
Style: #9 Commercial
Size: 3-7/8 x 8-7/8
Color: White Wove
Paper Weight: 24#
Sealing Method: Remoist Gum
Availability: Plain items usually ship in 1 to 2 business days. Printed items ship an additional 3 to 5 business days.",9-R,9.56,,simple,0,9.56,http://azenvelope.youareheremedia.com/wp-content/uploads/2015/04/All-Commercials.jpg,All-Commercials.jpg,/home/azenvelope1/public_html/azenvelope.youareheremedia.com/wp-content/uploads/2015/04/All-Commercials.jpg,869,"All Commercials","#80-Use This One",,,instock,6,printing-detail,,no,no,no,sealant,,no,no,no,weight-color,,no,no,no,window,,no,no,no,Custom-printing,,no,no,no,Dropdown-feature,,no,no,no,Sealing-method,,yes,yes,no,"Size: 3-7/8 x 8-7/8
Color: White Wove
Paper Weight: 24#
Sealing Method: Remoist Gum",http://azenvelope.youareheremedia.com/product/9-commercial-9-r/,,,,,,,,,"#9 &amp; #10 Envelopes>Regular",,14,6,10,6,,publish,9-commercial-9-r
90,"#10 Regular","SKU: 10-R
Style: #10 Commercial
Size: 4-1/8 x 9-1/2
Paper Color: White Wove
Paper Weight: 24#
Sealing Method: Remoist Gum
Availability: Plain items usually ship in 1 to 2 business days. Printed items ship an additional 3 to 5 business days.",10-R,9.56,,simple,0,9.56,http://azenvelope.youareheremedia.com/wp-content/uploads/2015/04/All-Commercials.jpg,All-Commercials.jpg,/home/azenvelope1/public_html/azenvelope.youareheremedia.com/wp-content/uploads/2015/04/All-Commercials.jpg,869,"All Commercials","#80-Use This One",,,instock,44,printing-detail,,no,no,no,sealant,,no,no,no,weight-color,,no,no,no,window,,no,no,no,Custom-printing,,no,no,no,Dropdown-feature,,no,no,no,Sealing-method,,yes,yes,no,"Size: 4-1/8 x 9-1/2
Paper Color: White Wove
Paper Weight: 24#
Sealing Method: Remoist Gum",http://azenvelope.youareheremedia.com/product/10-commercial-10-r/,,,,,,,,,"#9 &amp; #10 Envelopes>Regular",,,7,,,,publish,10-commercial-10-r
112,"#14 (5 x 11)",,,30,,variable,0,,,,,,,,,,instock,0,printing-detail,"1 Color|2 Color",yes,yes,yes,sealant,"Latex|Regular Gum|Zip Stick",yes,yes,yes,weight-color,"#24 - Blue Wove|#24 - Brown Kraft|#24 - Canary Wove|#24 - Green Wove|#24 - Ivory Wove|#24 - Pink Wove|#24 - White Black Security Tint|#24 - White Blue Security Tint|#24 - White Wove|#28 - Brown Kraft|#28 - Buff Kraft",yes,yes,yes,window,No|Yes,yes,yes,yes,Custom-printing,,no,no,no,Dropdown-feature,,no,no,no,Sealing-method,,no,no,no,,http://azenvelope.youareheremedia.com/product/14-5-x-11/,,,,,,,,,"Custom Commercial Envelopes",,,,,,,private,14-5-x-11
136,"#12 (4 3/4 x 11)",,,30,,variable,0,,,,,,,,,,instock,0,printing-detail,"1 Color|2 Color",yes,yes,yes,sealant,"Latex|Regular Gum|Zip Stick",yes,yes,yes,weight-color,"#24 - Blue Wove|#24 - Brown Kraft|#24 - Canary Wove|#24 - Green Wove|#24 - Ivory Wove|#24 - Pink Wove|#24 - White Black Security Tint|#24 - White Blue Security Tint|#24 - White Wove|#28 - Brown Kraft|#28 - Buff Kraft",yes,yes,yes,window,No|Yes,yes,yes,yes,Custom-printing,,no,no,no,Dropdown-feature,,no,no,no,Sealing-method,,no,no,no,,http://azenvelope.youareheremedia.com/product/12-4-34-x-11-2/,,,,,,,,,"Custom Commercial Envelopes",,,,,,,private,12-4-34-x-11-2
159,"#11 (4 1/2 x 10 3/8)",,,30,,variable,0,,,,,,,,,,instock,0,printing-detail,"1 Color|2 Color",yes,yes,yes,sealant,"Latex|Regular Gum|Zip Stick",yes,yes,yes,weight-color,"#24 - Blue Wove|#24 - Brown Kraft|#24 - Canary Wove|#24 - Green Wove|#24 - Ivory Wove|#24 - Pink Wove|#24 - White Black Security Tint|#24 - White Blue Security Tint|#24 - White Wove|#28 - Brown Kraft|#28 - Buff Kraft",yes,yes,yes,window,No|Yes,yes,yes,yes,Custom-printing,,no,no,no,Dropdown-feature,,no,no,no,Sealing-method,,no,no,no,,http://azenvelope.youareheremedia.com/product/11-4-12-x-10-38-2/,,,,,,,,,"Custom Commercial Envelopes",,,,,,,private,11-4-12-x-10-38-2
172,"#10 (4 1/8 x 9 1/2)",,,30,,variable,0,,,,,,,,,,instock,0,printing-detail,"1 Color|2 Color",yes,yes,yes,sealant,"Latex|Regular Gum|Zip Stick",yes,yes,yes,weight-color,"#24 - Blue Wove|#24 - Brown Kraft|#24 - Canary Wove|#24 - Green Wove|#24 - Ivory Wove|#24 - Pink Wove|#24 - White Black Security Tint|#24 - White Blue Security Tint|#24 - White Wove|#28 - Brown Kraft|#28 - Buff Kraft",yes,yes,yes,window,No|Yes,yes,yes,yes,Custom-printing,,no,no,no,Dropdown-feature,,no,no,no,Sealing-method,,no,no,no,,http://azenvelope.youareheremedia.com/product/10-4-18-x-9-12-3/,,,,,,,,,"Custom Commercial Envelopes",,,,,,,private,10-4-18-x-9-12-3
185,"#9 (3 7/8 x 8 7/8)",,,30,,variable,0,,,,,,,,,,instock,0,printing-detail,"1 Color|2 Color",yes,yes,yes,sealant,"Latex|Regular Gum|Zip Stick",yes,yes,yes,weight-color,"#24 - Blue Wove|#24 - Brown Kraft|#24 - Canary Wove|#24 - Green Wove|#24 - Ivory Wove|#24 - Pink Wove|#24 - White Black Security Tint|#24 - White Blue Security Tint|#24 - White Wove|#28 - Brown Kraft|#28 - Buff Kraft",yes,yes,yes,window,No|Yes,yes,yes,yes,Custom-printing,,no,no,no,Dropdown-feature,,no,no,no,Sealing-method,,no,no,no,,http://azenvelope.youareheremedia.com/product/9-3-78-x-8-78-2/,,,,,,,,,"Custom Commercial Envelopes",,,,,,,private,9-3-78-x-8-78-2
211,"#8 5/8 (3 5/8 x 8 5/8)",,,30,,variable,0,,,,,,,,,,instock,0,printing-detail,"1 Color|2 Color",yes,yes,yes,sealant,"Latex|Regular Gum|Zip Stick",yes,yes,yes,weight-color,"#24 - Blue Wove|#24 - Brown Kraft|#24 - Canary Wove|#24 - Green Wove|#24 - Ivory Wove|#24 - Pink Wove|#24 - White Black Security Tint|#24 - White Blue Security Tint|#24 - White Wove|#28 - Brown Kraft|#28 - Buff Kraft",yes,yes,yes,window,No|Yes,yes,yes,yes,Custom-printing,,no,no,no,Dropdown-feature,,no,no,no,Sealing-method,,no,no,no,,http://azenvelope.youareheremedia.com/product/8-58-3-58-x-8-58-2/,,,,,,,,,"Custom Commercial Envelopes",,,,,,,private,8-58-3-58-x-8-58-2
224,"#6 3/4 (3 5/8 x 6 1/2)",,,30,,variable,0,,,,,,,,,,instock,0,printing-detail,"1 Color|2 Color",yes,yes,yes,sealant,"Latex|Regular Gum|Zip Stick",yes,yes,yes,weight-color,"#24 - Blue Wove|#24 - Brown Kraft|#24 - Canary Wove|#24 - Green Wove|#24 - Ivory Wove|#24 - Pink Wove|#24 - White Black Security Tint|#24 - White Blue Security Tint|#24 - White Wove|#28 - Brown Kraft|#28 - Buff Kraft",yes,yes,yes,window,No|Yes,yes,yes,yes,Custom-printing,,no,no,no,Dropdown-feature,,no,no,no,Sealing-method,,no,no,no,,http://azenvelope.youareheremedia.com/product/6-34-3-58-x-6-12-2/,,,,,,,,,"Custom Commercial Envelopes",,,,,,,private,6-34-3-58-x-6-12-2
237,"#6 1/2 (3 1/2 x 6 1/4)",,,30,,variable,0,,,,,,,,,,instock,0,printing-detail,"1 Color|2 Color",yes,yes,yes,sealant,"Latex|Regular Gum|Zip Stick",yes,yes,yes,weight-color,"#24 - Blue Wove|#24 - Brown Kraft|#24 - Canary Wove|#24 - Green Wove|#24 - Ivory Wove|#24 - Pink Wove|#24 - White Black Security Tint|#24 - White Blue Security Tint|#24 - White Wove|#28 - Brown Kraft|#28 - Buff Kraft",yes,yes,yes,window,No|Yes,yes,yes,yes,Custom-printing,,no,no,no,Dropdown-feature,,no,no,no,Sealing-method,,no,no,no,,http://azenvelope.youareheremedia.com/product/6-12-3-12-x-6-14-2/,,,,,,,,,"Custom Commercial Envelopes",,,,,,,private,6-12-3-12-x-6-14-2
250,"#6-1/4 (3-1/2 x 6)",,,30,,variable,0,,,,,,,,,,instock,0,printing-detail,"1 Color|2 Color",yes,yes,yes,sealant,"Latex|Regular Gum|Zip Stick",yes,yes,yes,weight-color,"#24 - Blue Wove|#24 - Brown Kraft|#24 - Canary Wove|#24 - Green Wove|#24 - Ivory Wove|#24 - Pink Wove|#24 - White Black Security Tint|#24 - White Blue Security Tint|#24 - White Wove|#28 - Brown Kraft|#28 - Buff Kraft",yes,yes,yes,window,No|Yes,yes,yes,yes,Custom-printing,,no,no,no,Dropdown-feature,,no,no,no,Sealing-method,,no,no,no,,http://azenvelope.youareheremedia.com/product/6-14-3-12-x-6-2/,,,,,,,,,"Custom Commercial Envelopes",,,,,,,private,6-14-3-12-x-6-2
437,"#8-5/8 Window","SKU: 858-W
Style: #8-5/8 Commercial
Size: 3-5/8 x 8-5/8
Color: White Wove
Paper Weight: 24#
Sealing Method: Remoist Gum
Window Size: 1 x 4
Window Position: 1 Left x 3/4 Bottom
Availability: Plain items usually ship in 1 to 2 business days. Printed items ship an additional 3 to 5 business days.",858-W,25.99,,simple,0,25.99,http://azenvelope.youareheremedia.com/wp-content/uploads/2015/04/NI-C-10-Standard-Window-Front-Back1.jpg|http://azenvelope.youareheremedia.com/wp-content/uploads/2015/05/NI-A-8-5-8-Window1.jpg,NI-C-10-Standard-Window-Front-Back1.jpg|NI-A-8-5-8-Window1.jpg,/home/azenvelope1/public_html/azenvelope.youareheremedia.com/wp-content/uploads/2015/04/NI-C-10-Standard-Window-Front-Back1.jpg|/home/azenvelope1/public_html/azenvelope.youareheremedia.com/wp-content/uploads/2015/05/NI-A-8-5-8-Window1.jpg,873|877,"#10 Standard Window -Front-Back|Impact Drawing","#80-Use This One|#31",,,instock,0,printing-detail,,no,no,no,sealant,,no,no,no,weight-color,,no,no,no,window,,no,no,no,Custom-printing,,no,no,no,Dropdown-feature,,no,no,no,Sealing-method,,yes,yes,no,"Size: 3-5/8 x 8-5/8
Color: White Wove
Paper Weight: 24#
Sealing Method: Remoist Gum
Window Size: 1 x 4
Window Position: 1 Left x 3/4 Bottom",http://azenvelope.youareheremedia.com/product/8-58-commercial-858-w/,,,,,,,,,"Stock Size Envelopes",,14,6,10,6,,publish,8-58-commercial-858-w
438,"#8-5/8 Window Tint","SKU: 858-W-BLT
Style: #8-5/8 Commercial
Size: 3-5/8 x 8-5/8
Color: White Wove
Paper Weight: 24#
Sealing Method: Remoist Gum
Security Tint: Blue
Window Size: 1 x 4
Window Position: 1 Left x 3/4 Bottom
Availability: Plain items usually ship in 1 to 2 business days. Printed items ship an additional 3 to 5 business days.",858-W-BLT,27.96,,simple,0,27.96,http://azenvelope.youareheremedia.com/wp-content/uploads/2015/05/NI-B-8-5-8-Window-Tint1.jpg,NI-B-8-5-8-Window-Tint1.jpg,/home/azenvelope1/public_html/azenvelope.youareheremedia.com/wp-content/uploads/2015/05/NI-B-8-5-8-Window-Tint1.jpg,879,"NI-B 8 5-8 Window Tint",#31,,,instock,0,printing-detail,,no,no,no,sealant,,no,no,no,weight-color,,no,no,no,window,,no,no,no,Custom-printing,,no,no,no,Dropdown-feature,,no,no,no,Sealing-method,,yes,yes,no,"Size: 3-5/8 x 8-5/8
Color: White Wove
Paper Weight: 24#
Sealing Method: Remoist Gum
Security Tint: Blue
Window Size: 1 x 4
Window Position: 1 Left x 3/4 Bottom",http://azenvelope.youareheremedia.com/product/8-58-commercial-858-w-blt/,,,,,,,,,"Stock Size Envelopes",,14,6,10,6,,publish,8-58-commercial-858-w-blt
439,"Drive-Up Teller","SKU: 3347-TEL
Style: Drive-Up Teller
Size: 3-3/4 x 7
Color: White Wove
Paper Weight: 24#
Sealing Method: No-Seal Gum
Availability: Plain items usually ship in 1 to 2 business days. Printed items ship an additional 3 to 5 business days.",3347-TEL,14.10,,simple,0,14.10,http://azenvelope.youareheremedia.com/wp-content/uploads/2015/05/Drive-Up.jpg,Drive-Up.jpg,/home/azenvelope1/public_html/azenvelope.youareheremedia.com/wp-content/uploads/2015/05/Drive-Up.jpg,875,"Drive Up","#1511 (Victor Die #111)",,,instock,0,printing-detail,,no,no,no,sealant,,no,no,no,weight-color,,no,no,no,window,,no,no,no,Custom-printing,,no,no,no,Dropdown-feature,,no,no,no,Sealing-method,,yes,yes,no,"Size: 3-3/4 x 7
Color: White Wove
Paper Weight: 24#
Sealing Method: No-Seal Gum",http://azenvelope.youareheremedia.com/product/drive-up-teller-3347-tel/,,,,,,,,,"Stock Size Envelopes",,14,7,10,6,,publish,drive-up-teller-3347-tel
441,"A2 Announcement","SKU: A2
Style: A2 Announcement
Size: 4-3/8 x 5-3/4
Color: White Wove
Paper Weight: 24#
Sealing Method: Remoist Gum
Availability: Plain items usually ship in 1 to 2 business days. Printed items ship an additional 3 to 5 business days.",A2,27.73,,simple,0,27.73,http://azenvelope.youareheremedia.com/wp-content/uploads/2015/05/All-Announcements.jpg,All-Announcements.jpg,/home/azenvelope1/public_html/azenvelope.youareheremedia.com/wp-content/uploads/2015/05/All-Announcements.jpg,884,"All Announcements",P001427,,,instock,0,printing-detail,,no,no,no,sealant,,no,no,no,weight-color,,no,no,no,window,,no,no,no,Custom-printing,,no,no,no,Dropdown-feature,,no,no,no,Sealing-method,,yes,yes,no,"Size: 4-3/8 x 5-3/4
Color: White Wove
Paper Weight: 24#
Sealing Method: Remoist Gum",http://azenvelope.youareheremedia.com/product/a2-announcement-a2/,,,,,,,,,"Stock Size Envelopes",,14,4.5,10,6,,publish,a2-announcement-a2
443,"A6 Announcement","SKU: A6
Style: A6 Announcement
Size: 4-3/4 x 6-1/2
Color: White Wove
Paper Weight: 24#
Sealing Method: Remoist Gum
Availability: Plain items usually ship in 1 to 2 business days. Printed items ship an additional 3 to 5 business days.",A6,28.71,,simple,0,28.71,http://azenvelope.youareheremedia.com/wp-content/uploads/2015/05/All-Announcements.jpg,All-Announcements.jpg,/home/azenvelope1/public_html/azenvelope.youareheremedia.com/wp-content/uploads/2015/05/All-Announcements.jpg,884,"All Announcements",P001427,,,instock,0,printing-detail,,no,no,no,sealant,,no,no,no,weight-color,,no,no,no,window,,no,no,no,Custom-printing,,no,no,no,Dropdown-feature,,no,no,no,Sealing-method,,yes,yes,no,"Size: 4-3/4 x 6-1/2
Color: White Wove
Paper Weight: 24#
Sealing Method: Remoist Gum",http://azenvelope.youareheremedia.com/product/a6-announcement-a6/,,,,,,,,,"Stock Size Envelopes",,14,6,10,6,,publish,a6-announcement-a6
444,"A7 Announcement Machine-able","SKU: A7-MFLAP
Style: A7 Announcement Machine-able
Size: 5-1/4 x 7-1/4
Flap Size: 1-1/4
Color: White Wove
Paper Weight: 24#
Sealing Method: Remoist Gum
Availability: Plain items usually ship in 1 to 2 business days. Printed items ship an additional 3 to 5 business days.",A7-MFLAP,21.32,,simple,0,21.32,http://azenvelope.youareheremedia.com/wp-content/uploads/2015/05/NI-I-A-7-1-1-4-Flap.jpg,NI-I-A-7-1-1-4-Flap.jpg,/home/azenvelope1/public_html/azenvelope.youareheremedia.com/wp-content/uploads/2015/05/NI-I-A-7-1-1-4-Flap.jpg,885,"A-7 - 1 1-4 Flap","1 5/8 flap",,,instock,0,printing-detail,,no,no,no,sealant,,no,no,no,weight-color,,no,no,no,window,,no,no,no,Custom-printing,,no,no,no,Dropdown-feature,,no,no,no,Sealing-method,,yes,yes,no,"Size: 5-1/4 x 7-1/4
Flap Size: 1-1/4
Color: White Wove
Paper Weight: 24#
Sealing Method: Remoist Gum",http://azenvelope.youareheremedia.com/product/a7-announcement-machinable-a7-mflap/,,,,,,,,,"Stock Size Envelopes",,,7.5,,,,publish,a7-announcement-machinable-a7-mflap
445,"A7 Announcement","SKU: A7
Style: A7 Announcement
Size: 5-1/4 x 7-1/4
Flap Size: 2-5/8
Color: White Wove
Paper Weight: 24#
Sealing Method: Remoist Gum
Availability: Plain items usually ship in 1 to 2 business days. Printed items ship an additional 3 to 5 business days.",A7,21.32,,simple,0,21.32,http://azenvelope.youareheremedia.com/wp-content/uploads/2015/05/All-Announcements.jpg,All-Announcements.jpg,/home/azenvelope1/public_html/azenvelope.youareheremedia.com/wp-content/uploads/2015/05/All-Announcements.jpg,884,"All Announcements",P001427,,,instock,0,printing-detail,,no,no,no,sealant,,no,no,no,weight-color,,no,no,no,window,,no,no,no,Custom-printing,,no,no,no,Dropdown-feature,,no,no,no,Sealing-method,,yes,yes,no,"Size: 5-1/4 x 7-1/4
Flap Size: 2-5/8
Color: White Wove
Paper Weight: 24#
Sealing Method: Remoist Gum",http://azenvelope.youareheremedia.com/product/a7-announcement-a7/,,,,,,,,,"Stock Size Envelopes",,,7.5,,,,publish,a7-announcement-a7
446,"#6-1/2 Remittance","SKU: 615-REM
Style: #6-1/2 Remittance
Size: 3-1/2 x 6 1/4
Color: White Wove
Paper Weight: 24#
Sealing Method: Remoist Gum
Availability: Plain items usually ship in 1 to 2 business days. Printed items ship an additional 3 to 5 business days.",615-REM,15.20,,simple,0,15.20,http://azenvelope.youareheremedia.com/wp-content/uploads/2015/05/All-Remittance.jpg,All-Remittance.jpg,/home/azenvelope1/public_html/azenvelope.youareheremedia.com/wp-content/uploads/2015/05/All-Remittance.jpg,886,"All Remittance",P001817,,,instock,5,printing-detail,,no,no,no,sealant,,no,no,no,weight-color,,no,no,no,window,,no,no,no,Custom-printing,,no,no,no,Dropdown-feature,,no,no,no,Sealing-method,,no,yes,no,"Size: 3-1/2 x 6 1/4
Color: White Wove
Paper Weight: 24#
Sealing Method: Remoist Gum",http://azenvelope.youareheremedia.com/product/6-12-remittance-615-rem/,,,,,,,,,"Stock Size Envelopes",,14,5,10,6,,publish,6-12-remittance-615-rem
448,"#9 Remittance","SKU: 9-REM
Style: #9 Remittance
Size: 3-7/8 x 8-7/8
Color: White Wove
Paper Weight: 24#
Sealing Method: Remoist Gum
Availability: Plain items usually ship in 1 to 2 business days. Printed items ship an additional 3 to 5 business days.",9-REM,19.12,,simple,0,19.12,http://azenvelope.youareheremedia.com/wp-content/uploads/2015/05/All-Remittance.jpg,All-Remittance.jpg,/home/azenvelope1/public_html/azenvelope.youareheremedia.com/wp-content/uploads/2015/05/All-Remittance.jpg,886,"All Remittance",P001817,,,instock,1,printing-detail,,no,no,no,sealant,,no,no,no,weight-color,,no,no,no,window,,no,no,no,Custom-printing,,no,no,no,Dropdown-feature,,no,no,no,Sealing-method,,no,yes,no,"Size: 3-7/8 x 8-7/8
Color: White Wove
Paper Weight: 24#
Sealing Method: Remoist Gum",http://azenvelope.youareheremedia.com/product/9-remittance-9-rem/,,,,,,,,,"Stock Size Envelopes",,14,7,10,6,,publish,9-remittance-9-rem
449,"6 x 9 Open Side","SKU: 69-OS-WH24
Style: Open Side
Size: 6 x 9
Color: White Wove
Paper Weight: 24#
Sealing Method: Remoist Gum
Availability: Plain items usually ship in 1 to 2 business days. Printed items ship an additional 3 to 5 business days.",69-OS-WH24,18.91,,simple,0,18.91,http://azenvelope.youareheremedia.com/wp-content/uploads/2015/05/ALL-OPEN-SIDE1.jpg,ALL-OPEN-SIDE1.jpg,/home/azenvelope1/public_html/azenvelope.youareheremedia.com/wp-content/uploads/2015/05/ALL-OPEN-SIDE1.jpg,878,"ALL OPEN SIDE",#138,,,instock,0,printing-detail,,no,no,no,sealant,,no,no,no,weight-color,,no,no,no,window,,no,no,no,Custom-printing,,no,no,no,Dropdown-feature,,no,no,no,Sealing-method,,yes,yes,no,"Size: 6 x 9
Color: White Wove
Paper Weight: 24#
Sealing Method: Remoist Gum",http://azenvelope.youareheremedia.com/product/6-9-open-side-69-os-wh24/,,,,,,,,,"Stock Size Envelopes",,14,10,9.125,6.125,,publish,6-9-open-side-69-os-wh24
451,"9 x 12 Open Side","SKU: 912-OS-WH28
Style: Open Side
Size: 9 x 12
Color: White Wove
Paper Weight: 28#
Sealing Method: Remoist Gum
Availability: Plain items usually ship in 1 to 2 business days. Printed items ship an additional 3 to 5 business days.",912-OS-WH28,38.50,,simple,0,38.50,http://azenvelope.youareheremedia.com/wp-content/uploads/2015/05/ALL-OPEN-SIDE1.jpg,ALL-OPEN-SIDE1.jpg,/home/azenvelope1/public_html/azenvelope.youareheremedia.com/wp-content/uploads/2015/05/ALL-OPEN-SIDE1.jpg,878,"ALL OPEN SIDE",#138,,,instock,0,printing-detail,,no,no,no,sealant,,no,no,no,weight-color,,no,no,no,window,,no,no,no,Custom-printing,,no,no,no,Dropdown-feature,,no,no,no,Sealing-method,,yes,yes,no,"Size: 9 x 12
Color: White Wove
Paper Weight: 28#
Sealing Method: Remoist Gum",http://azenvelope.youareheremedia.com/product/9-12-open-side-912-os-wh28/,,,,,,,,,"Stock Size Envelopes",,12.75,21.5,12.25,9,,publish,9-12-open-side-912-os-wh28
452,"9 x 12 Open Side","SKU: 912-OS-BK28
Style: Open Side
Size: 9 x 12
Color: Brown Kraft
Paper Weight: 28#
Sealing Method: Remoist Gum
Availability: Plain items usually ship in 1 to 2 business days. Printed items ship an additional 3 to 5 business days.",912-OS-BK28,48.65,,simple,0,48.65,http://azenvelope.youareheremedia.com/wp-content/uploads/2015/12/aze_new_image.jpg,aze_new_image.jpg,/home/azenvelope1/public_html/azenvelope.youareheremedia.com/wp-content/uploads/2015/12/aze_new_image.jpg,1001,aze_new_image,,,,instock,0,printing-detail,,no,no,no,sealant,,no,no,no,weight-color,,no,no,no,window,,no,no,no,Custom-printing,,no,no,no,Dropdown-feature,,no,no,no,Sealing-method,,yes,yes,no,"Size: 9 x 12
Color: Brown Kraft
Paper Weight: 28#
Sealing Method: Remoist Gum",http://azenvelope.youareheremedia.com/product/9-12-open-side-912-os-bk28/,,,,,,,,,"Stock Size Envelopes",,12.75,21.5,12.25,9,,publish,9-12-open-side-912-os-bk28
453,"10 x 13 Open Side","SKU: 1013-OS-WH28
Style: Open Side
Size: 10 x 13
Color: White Wove
Paper Weight: 28#
Sealing Method: Remoist Gum
Availability: Plain items usually ship in 1 to 2 business days. Printed items ship an additional 3 to 5 business days.",1013-OS-WH28,44.00,,simple,0,44.00,http://azenvelope.youareheremedia.com/wp-content/uploads/2015/05/ALL-OPEN-SIDE1.jpg,ALL-OPEN-SIDE1.jpg,/home/azenvelope1/public_html/azenvelope.youareheremedia.com/wp-content/uploads/2015/05/ALL-OPEN-SIDE1.jpg,878,"ALL OPEN SIDE",#138,,,instock,0,printing-detail,,no,no,no,sealant,,no,no,no,weight-color,,no,no,no,window,,no,no,no,Custom-printing,,no,no,no,Dropdown-feature,,no,no,no,Sealing-method,,yes,yes,no,"Size: 10 x 13
Color: White Wove
Paper Weight: 28#
Sealing Method: Remoist Gum",http://azenvelope.youareheremedia.com/product/10-13-open-side-1013-os-wh28/,,,,,,,,,"Stock Size Envelopes",,13.25,26,12.75,10,,publish,10-13-open-side-1013-os-wh28
454,"10 x 13 Open End","SKU: 1013-OE-BK28
Style: Open End
Size: 10 x 13
Color: Brown Kraft
Paper Weight: 28#
Sealing Method: Remoist Gum
Availability: Plain items usually ship in 1 to 2 business days. Printed items ship an additional 3 to 5 business days.",1013-OE-BK28,46.55,,simple,0,46.55,http://azenvelope.youareheremedia.com/wp-content/uploads/2015/12/aze_new_image_3.jpg|http://azenvelope.youareheremedia.com/wp-content/uploads/2015/05/ALL-OPEN-END.jpg,aze_new_image_3.jpg|ALL-OPEN-END.jpg,/home/azenvelope1/public_html/azenvelope.youareheremedia.com/wp-content/uploads/2015/12/aze_new_image_3.jpg|/home/azenvelope1/public_html/azenvelope.youareheremedia.com/wp-content/uploads/2015/05/ALL-OPEN-END.jpg,1006|868,"aze_new_image_3|ALL OPEN END",#129,,,instock,2,printing-detail,,no,no,no,sealant,,no,no,no,weight-color,,no,no,no,window,,no,no,no,Custom-printing,,no,no,no,Dropdown-feature,,no,no,no,Sealing-method,,yes,yes,no,"Size: 10 x 13
Color: Brown Kraft
Paper Weight: 28#
Sealing Method: Remoist Gum",http://azenvelope.youareheremedia.com/product/10-13-open-end-1013-oe-bk28/,,,,,,,,,"Stock Size Envelopes",,13.25,26.5,12.75,10,,publish,10-13-open-end-1013-oe-bk28
455,"6 x 9 Open End","SKU: 69-OE-WH24
Style: Open End
Size: 6 x 9
Color: White Wove
Paper Weight: 24#
Sealing Method: Remoist Gum
Availability: Plain items usually ship in 1 to 2 business days. Printed items ship an additional 3 to 5 business days.",69-OE-WH24,25.78,,simple,0,25.78,http://azenvelope.youareheremedia.com/wp-content/uploads/2015/05/ALL-OPEN-END.jpg,ALL-OPEN-END.jpg,/home/azenvelope1/public_html/azenvelope.youareheremedia.com/wp-content/uploads/2015/05/ALL-OPEN-END.jpg,868,"ALL OPEN END",#129,,,instock,0,printing-detail,,no,no,no,sealant,,no,no,no,weight-color,,no,no,no,window,,no,no,no,Custom-printing,,no,no,no,Dropdown-feature,,no,no,no,Sealing-method,,yes,yes,no,"Size: 6 x 9
Color: White Wove
Paper Weight: 24#
Sealing Method: Remoist Gum",http://azenvelope.youareheremedia.com/product/6-9-open-end-69-oe-wh24/,,,,,,,,,"Stock Size Envelopes",,14,10,9.125,6.125,,publish,6-9-open-end-69-oe-wh24
457,"9 x 12 Open End","SKU: 912-OE-WH24
Style: Open End
Size: 9 x 12
Color: White Wove
Paper Weight: 24#
Sealing Method: Remoist Gum
Availability: Plain items usually ship in 1 to 2 business days. Printed items ship an additional 3 to 5 business days.",912-OE-WH24,37.27,,simple,0,37.27,http://azenvelope.youareheremedia.com/wp-content/uploads/2015/05/ALL-OPEN-END.jpg,ALL-OPEN-END.jpg,/home/azenvelope1/public_html/azenvelope.youareheremedia.com/wp-content/uploads/2015/05/ALL-OPEN-END.jpg,868,"ALL OPEN END",#129,,,instock,10,printing-detail,,no,no,no,sealant,,no,no,no,weight-color,,no,no,no,window,,no,no,no,Custom-printing,,no,no,no,Dropdown-feature,,no,no,no,Sealing-method,,yes,yes,no,"Size: 9 x 12
Color: White Wove
Paper Weight: 24#
Sealing Method: Remoist Gum",http://azenvelope.youareheremedia.com/product/9-12-open-end-912-oe-wh24/,,,,,,,,,"Stock Size Envelopes",,12.75,19,12.25,9,,publish,9-12-open-end-912-oe-wh24
458,"9 x 12 Open End","SKU: 912-OE-WH28
Style: Open End
Size: 9 x 12
Color: White Wove
Paper Weight: 28#
Sealing Method: Remoist Gum
Availability: Plain items usually ship in 1 to 2 business days. Printed items ship an additional 3 to 5 business days.",912-OE-WH28,38.98,,simple,0,38.98,http://azenvelope.youareheremedia.com/wp-content/uploads/2015/05/ALL-OPEN-END.jpg,ALL-OPEN-END.jpg,/home/azenvelope1/public_html/azenvelope.youareheremedia.com/wp-content/uploads/2015/05/ALL-OPEN-END.jpg,868,"ALL OPEN END",#129,,,instock,1,printing-detail,,no,no,no,sealant,,no,no,no,weight-color,,no,no,no,window,,no,no,no,Custom-printing,,no,no,no,Dropdown-feature,,no,no,no,Sealing-method,,yes,yes,no,"Size: 9 x 12
Color: White Wove
Paper Weight: 28#
Sealing Method: Remoist Gum",http://azenvelope.youareheremedia.com/product/9-12-open-end-912-oe-wh28/,,,,,,,,,"Stock Size Envelopes",,12.75,22.5,12.25,9,,publish,9-12-open-end-912-oe-wh28
459,"9 x 12 Open End","SKU: 912-OE-BK28
Style: Open End
Size: 9 x 12
Color: Brown Kraft
Paper Weight: 28#
Sealing Method: Remoist Gum
Availability: Plain items usually ship in 1 to 2 business days. Printed items ship an additional 3 to 5 business days.",912-OE-BK28,37.67,,simple,0,37.67,http://azenvelope.youareheremedia.com/wp-content/uploads/2015/12/aze_new_image_3.jpg,aze_new_image_3.jpg,/home/azenvelope1/public_html/azenvelope.youareheremedia.com/wp-content/uploads/2015/12/aze_new_image_3.jpg,1006,aze_new_image_3,,,,instock,4,printing-detail,,no,no,no,sealant,,no,no,no,weight-color,,no,no,no,window,,no,no,no,Custom-printing,,no,no,no,Dropdown-feature,,no,no,no,Sealing-method,,yes,yes,no,"Size: 9 x 12
Color: Brown Kraft
Paper Weight: 28#
Sealing Method: Remoist Gum",http://azenvelope.youareheremedia.com/product/9-12-open-end-912-oe-bk28/,,,,,,,,,"Stock Size Envelopes",,12.75,22.5,12.25,9,,publish,9-12-open-end-912-oe-bk28
460,"9 x 12 Open End","SKU: 912-OE-BU28
Style: Open End
Size: 9 x 12
Color: Buff Kraft
Paper Weight: 28#
Sealing Method: Remoist Gum
Availability: Plain items usually ship in 1 to 2 business days. Printed items ship an additional 3 to 5 business days.",912-OE-BU28,52.13,,simple,0,52.13,http://azenvelope.youareheremedia.com/wp-content/uploads/2015/12/aze_new_image_2.jpg,aze_new_image_2.jpg,/home/azenvelope1/public_html/azenvelope.youareheremedia.com/wp-content/uploads/2015/12/aze_new_image_2.jpg,1005,aze_new_image_2,,,,instock,5,printing-detail,,no,no,no,sealant,,no,no,no,weight-color,,no,no,no,window,,no,no,no,Custom-printing,,no,no,no,Dropdown-feature,,no,no,no,Sealing-method,,yes,yes,no,"Size: 9 x 12
Color: Buff Kraft
Paper Weight: 28#
Sealing Method: Remoist Gum",http://azenvelope.youareheremedia.com/product/9-12-open-end-912-oe-bu28/,,,,,,,,,"Stock Size Envelopes",,12.75,22.5,12.25,9,,publish,9-12-open-end-912-oe-bu28
461,"9 x 12 Open End Window","SKU: 912-OE-W-WH28
Style: Open End Window
Size: 9 x 12
Color: White Wove
Paper Weight: 28#
Sealing Method: Remoist Gum
Window Size: 1-1/4 x 3-3/4
Window Position: 7/8 Left x 8-1/4 Bottom
Availability: Plain items usually ship in 1 to 2 business days. Printed items ship an additional 3 to 5 business days.",912-OE-W-WH28,54.80,,simple,0,54.80,http://azenvelope.youareheremedia.com/wp-content/uploads/2015/05/NI-J-9x12-Open-End-Window.jpg,NI-J-9x12-Open-End-Window.jpg,/home/azenvelope1/public_html/azenvelope.youareheremedia.com/wp-content/uploads/2015/05/NI-J-9x12-Open-End-Window.jpg,887,"Impact Drawing",#129,,,instock,0,printing-detail,,no,no,no,sealant,,no,no,no,weight-color,,no,no,no,window,,no,no,no,Custom-printing,,no,no,no,Dropdown-feature,,no,no,no,Sealing-method,,yes,yes,no,"Size: 9 x 12
Color: White Wove
Paper Weight: 28#
Sealing Method: Remoist Gum
Window Size: 1-1/4 x 3-3/4
Window Position: 7/8 Left x 8-1/4 Bottom",http://azenvelope.youareheremedia.com/product/open-end-912-oe-w-wh28/,,,,,,,,,"Stock Size Envelopes",,12.75,22.5,12.25,9,,publish,open-end-912-oe-w-wh28
462,"10 x 13 Open End","SKU: 1013-OE-WH28
Style: Open End
Size: 10 x 13
Color: White Wove
Paper Weight: 28#
Sealing Method: Remoist Gum
Availability: Plain items usually ship in 1 to 2 business days. Printed items ship an additional 3 to 5 business days.",1013-OE-WH28,44.83,,simple,0,44.83,http://azenvelope.youareheremedia.com/wp-content/uploads/2015/05/ALL-OPEN-END.jpg,ALL-OPEN-END.jpg,/home/azenvelope1/public_html/azenvelope.youareheremedia.com/wp-content/uploads/2015/05/ALL-OPEN-END.jpg,868,"ALL OPEN END",#129,,,instock,0,printing-detail,,no,no,no,sealant,,no,no,no,weight-color,,no,no,no,window,,no,no,no,Custom-printing,,no,no,no,Dropdown-feature,,no,no,no,Sealing-method,,yes,yes,no,"Size: 10 x 13
Color: White Wove
Paper Weight: 28#
Sealing Method: Remoist Gum",http://azenvelope.youareheremedia.com/product/10-13-open-end-1013-oe-wh28/,,,,,,,,,"Stock Size Envelopes",,13.25,26.5,12.75,10,,publish,10-13-open-end-1013-oe-wh28
464,"10 x 13 Open Side","SKU: 1013-OS-BK28
Style: Open Side
Size: 10 x 13
Color: Brown Kraft
Paper Weight: 28#
Sealing Method: Remoist Gum
Availability: Plain items usually ship in 1 to 2 business days. Printed items ship an additional 3 to 5 business days.",1013-OS-BK28,59.77,,simple,0,59.77,http://azenvelope.youareheremedia.com/wp-content/uploads/2015/12/aze_new_image.jpg,aze_new_image.jpg,/home/azenvelope1/public_html/azenvelope.youareheremedia.com/wp-content/uploads/2015/12/aze_new_image.jpg,1001,aze_new_image,,,,instock,0,printing-detail,,no,no,no,sealant,,no,no,no,weight-color,,no,no,no,window,,no,no,no,Custom-printing,,no,no,no,Dropdown-feature,,no,no,no,Sealing-method,,yes,yes,no,"Size: 10 x 13
Color: Brown Kraft
Paper Weight: 28#
Sealing Method: Remoist Gum",http://azenvelope.youareheremedia.com/product/10-13-open-side-1013-os-bk28/,,,,,,,,,"Stock Size Envelopes",,13.25,26,12.75,10,,publish,10-13-open-side-1013-os-bk28
580,"7-1/2 x 10-1/2 Open End","SKU: 712-OE-WH24
Style: Open End
Size: 7-1/2 x 10-1/2
Color: White Wove
Paper Weight: 24#
Sealing Method: Remoist Gum
Availability: Plain items usually ship in 1 to 2 business days. Printed items ship an additional 3 to 5 business days.

<a class=""tm-section-link"" style=""display: inline;"" href=""#"" data-sectionid=""555360ca3e1db8.27796367"" data-title=""Custom Printing Color"">Custom Printing Color</a>",715-OE-WH24,41.63,,simple,0,41.63,http://azenvelope.youareheremedia.com/wp-content/uploads/2015/05/ALL-OPEN-END.jpg,ALL-OPEN-END.jpg,/home/azenvelope1/public_html/azenvelope.youareheremedia.com/wp-content/uploads/2015/05/ALL-OPEN-END.jpg,868,"ALL OPEN END",#129,,,instock,0,printing-detail,,no,no,no,sealant,,no,no,no,weight-color,,no,no,no,window,,no,no,no,Custom-printing,,no,no,no,Dropdown-feature,,no,no,no,Sealing-method,,yes,yes,no,"<a href=""http://azenvelope.youareheremedia.com/"">Size:</a> 7-1/2 x 10-1/2
Color: White Wove
Paper Weight: 24#
Sealing Method: Remoist Gum",http://azenvelope.youareheremedia.com/product/7-12-10-12-open-end-712-oe-wh24/,,,,,,,,,"Stock Size Envelopes",,14,13.5,10,8,,publish,7-12-10-12-open-end-712-oe-wh24
583,"9-1/2 x 12-1/2 Open End","SKU: 915-OE-WH28
Style: Open End
Size: 9-1/2 x 12-1/2
Color: White Wove
Paper Weight: 28#
Sealing Method: Remoist Gum
Availability: Plain items usually ship in 1 to 2 business days. Printed items ship an additional 3 to 5 business days.",915-OE-WH28,49.92,,simple,0,49.92,http://azenvelope.youareheremedia.com/wp-content/uploads/2015/05/ALL-OPEN-END.jpg,ALL-OPEN-END.jpg,/home/azenvelope1/public_html/azenvelope.youareheremedia.com/wp-content/uploads/2015/05/ALL-OPEN-END.jpg,868,"ALL OPEN END",#129,,,instock,0,printing-detail,,no,no,no,sealant,,no,no,no,weight-color,,no,no,no,window,,no,no,no,Custom-printing,,no,no,no,Dropdown-feature,,no,no,no,Sealing-method,,yes,yes,no,"Size: 9-1/2 x 12-1/2
Color: White Wove
Paper Weight: 28#
Sealing Method: Remoist Gum",http://azenvelope.youareheremedia.com/product/9-12-12-12-open-end-915-oe-wh28/,,,,,,,,,"Stock Size Envelopes",,13.25,24.5,12.75,10,,publish,9-12-12-12-open-end-915-oe-wh28
711,"#10 Regular Tint","Style: #10 Commercial
Size: 4-1/8 x 9-1/2
Paper Color: White Wove
Paper Weight: 24#
Sealing Method: Remoist Gum
Security Tint: Black
Availability: Plain items usually ship in 1 to 2 business days. Printed items ship an additional 3 to 5 business days.",10-R-BKT,11.62,,simple,0,11.62,http://azenvelope.youareheremedia.com/wp-content/uploads/2015/04/NI-K-10-Regular-Tint-Front1.jpg,NI-K-10-Regular-Tint-Front1.jpg,/home/azenvelope1/public_html/azenvelope.youareheremedia.com/wp-content/uploads/2015/04/NI-K-10-Regular-Tint-Front1.jpg,870,"#10 Regular Tint -Front",,,,instock,13,printing-detail,,no,no,no,sealant,,no,no,no,weight-color,,no,no,no,window,,no,no,no,Custom-printing,,no,no,no,Dropdown-feature,,no,no,no,Sealing-method,,yes,yes,no,"Size: 4-1/8 x 9-1/2
Paper Color: White Wove
Paper Weight: 24#
Sealing Method: Remoist Gum
Security Tint: Black",http://azenvelope.youareheremedia.com/product/10-commercial-10-r-bkt/,,,,,,,,,"#9 &amp; #10 Envelopes>Regular",,14,7,10,6,,publish,10-commercial-10-r-bkt
1048,test,teset,,1,,simple,0,1,,,,,,,,,instock,2,printing-detail,,no,no,no,sealant,,no,no,no,weight-color,,no,no,no,window,,no,no,no,Custom-printing,,no,no,no,Dropdown-feature,,no,no,no,Sealing-method,,no,no,no,,http://azenvelope.youareheremedia.com/product/test/,,,,,,,,,testing,,,,,,,publish,test
1065,"#10 Tint Flip-n-Seal","SKU: 10-R-SS-BLT
Style: #10 Open Side
Size: 4-1/8 x 9-1/2
Color: White Wove
Paper: Weight 24#
Sealing Method: Flip-n-Seal
Availability: Plain items usually ship in 1 to 2 business days. Printed items ship an additional 3 to 5 business days.",10-R-SS-BLT,43.31,,simple,0,43.31,http://azenvelope.youareheremedia.com/wp-content/uploads/2016/03/10-Flip-Seal-Regular-White.png,10-Flip-Seal-Regular-White.png,/home/azenvelope1/public_html/azenvelope.youareheremedia.com/wp-content/uploads/2016/03/10-Flip-Seal-Regular-White.png,1063,#10-Flip-&-Seal-Regular-White,,,,instock,0,printing-detail,,no,no,no,sealant,,no,no,no,weight-color,,no,no,no,window,,no,no,no,Custom-printing,,no,no,no,Dropdown-feature,,no,no,no,Sealing-method,,no,yes,no,"Size: 4-1/8 x 9-1/2
Color: White Wove
Paper: Weight 24#
Sealing Method: Flip-n-Seal
Security Tint: Blue

&nbsp;",http://azenvelope.youareheremedia.com/product/10-tint-flip-n-seal/,,,,,,,,,"Stock Size Envelopes",,,8,,,,publish,10-tint-flip-n-seal
