id,Title,Content,Excerpt,Date,"Post Type",Permalink,"Image URL","Image Title","Image Caption","Image Description","Image Alt Text","Attachment URL",Status,Author,Slug,Format,Template,Parent,Order,"Comment Status","Ping Status",hero_banner_0_background_image,_hero_banner_0_background_image,hero_banner_0_hero_title,hero_banner_0_hero_subtitle,_hero_banner_0_hero_subtitle,hero_banner_0_first_hero_button_label,_hero_banner_0_first_hero_button_label,hero_banner_0_first_hero_button_url,_hero_banner_0_first_hero_button_url,hero_banner_0_second_hero_button_label,_hero_banner_0_second_hero_button_label,hero_banner_0_second_hero_button_url,_hero_banner_0_second_hero_button_url,Template,"File URL","Site Logo","Retina Site Logo","Toll Free Phone","Regular Phone Number","Fax Number","Subscribe Form Shortcode","Information Links","Copyright Information","Hero Banner_background_image","Hero Banner_hero_title","Hero Banner_hero_subtitle","Hero Banner_first_hero_button_label","Hero Banner_first_hero_button_url","Hero Banner_second_hero_button_label","Hero Banner_second_hero_button_url","Products Section Title","Panel Background Image","Panel Title","Panel Text","Panel Button Label","Panel Button URL","Contact Us Title","Contact Us Subtitle","Contact Address Information","Contact Us Form Title","Contact Us Form Subtitle","Contact Form Shortcode",Company,"Address 1","Address 2",City,State/Province/Region,ZIP
2,"Helpful Information","We have complied the following information and forms to help you with your envelope ordering experience. Check this page frequently, as additional information will be posted as they become available.

&nbsp;
<div id=""slim-line""></div>
&nbsp;
<ul>
	<li><a href=""http://azenv.youareheremedia.com/wp-content/uploads/2013/04/STANDARD-ENVELOPE-SIZE-CHART.pdf"" target=""_blank"">Standard Envelope Size Chart</a></li>
	<li><a href=""http://azenvelope.loc/wp-content/uploads/2013/05/CREDIT_APPLICATION.pdf"" target=""_blank"">Credit Application</a></li>
	<li><a href=""http://azenvelope.loc/wp-content/uploads/2015/02/AZ-Resale-Form-5000.pdf"">AZ Resale Form 5000</a></li>
	<li><a href=""http://azenvelope.loc/wp-content/uploads/2013/05/CONVERTING_GUIDELINES.pdf"" target=""_blank"">Converting Guideline</a></li>
</ul>",,20130403,page,http://azenvelope.loc/helpful-information/,,,,,,,publish,1,helpful-information,,page-hudson.php,0,0,open,open,,,,,,,,,,,,,,page-hudson.php,,,,,,,,,,,,,,,,,,,,,,,,,,,,,,,,,,
19,"View Samples","Thank you for viewing our samples page. Arizona Envelope offers several commercial envelope options, including multi-window envelopes. We also offer select printed envelopes using one, two or four colors. Contact us today for a quote on your next custom envelope order!

&nbsp;
<div id=""sample-left"">

<img src=""/wp-content/themes/imagethemeresponsive/images/2-Way-Remittance.jpg"" alt="""" border=""0"" />

2-Way Remittance

</div>
<div id=""sample-right"">

<img src=""/wp-content/themes/imagethemeresponsive/images/4-color.jpg"" alt="""" border=""0"" />
4-color

</div>
<div style=""clear: both;""></div>
<div id=""sample-left"">

<img src=""/wp-content/themes/imagethemeresponsive/images/Security-Strip.jpg"" alt="""" border=""0"" />
Security Strip

</div>
<div id=""sample-right"">

<img src=""/wp-content/themes/imagethemeresponsive/images/Door-hanger.jpg"" alt="""" border=""0"" />
Door hanger

</div>
<div style=""clear: both;""></div>
<div id=""sample-left"">

<img src=""/wp-content/themes/imagethemeresponsive/images/Door-Key.jpg"" alt="""" border=""0"" />
Door Key

</div>
<div id=""sample-right"">

<img src=""/wp-content/themes/imagethemeresponsive/images/Colored.jpg"" alt="""" border=""0"" />
Colored

</div>
<div style=""clear: both;""></div>
<div id=""sample-left"">

<img src=""/wp-content/themes/imagethemeresponsive/images/Expansion.jpg"" alt="""" border=""0"" />
Expansion

</div>
<div id=""sample-right"">

<img src=""/wp-content/themes/imagethemeresponsive/images/Zipstick.jpg"" alt="""" border=""0"" />
Zipstick

</div>
<div style=""clear: both;""></div>
<div id=""sample-left"">

<img src=""/wp-content/themes/imagethemeresponsive/images/InnerOffice-back.jpg"" alt="""" border=""0"" />
InnerOffice back

</div>
<div id=""sample-right"">

<img src=""/wp-content/themes/imagethemeresponsive/images/InnerOffice-front.jpg"" alt="""" border=""0"" />
InnerOffice front

</div>
<div style=""clear: both;""></div>
<div id=""sample-left"">

<img src=""/wp-content/themes/imagethemeresponsive/images/Latex.jpg"" alt="""" border=""0"" />
Latex

</div>
<div id=""sample-right"">

<img src=""/wp-content/themes/imagethemeresponsive/images/Open-End.jpg"" alt="""" border=""0"" />
Open End

</div>
<div style=""clear: both;""></div>
<div id=""sample-left"">

<img src=""/wp-content/themes/imagethemeresponsive/images/Open-Side.jpg"" alt="""" border=""0"" />
Open Side

</div>
<div id=""sample-right"">

<img src=""/wp-content/themes/imagethemeresponsive/images/Remittance.jpg"" alt="""" border=""0"" />
Remittance

</div>
<div style=""clear: both;""></div>
<div id=""sample-left"">

<img src=""/wp-content/themes/imagethemeresponsive/images/Clasp.jpg"" alt="""" border=""0"" />
Clasp

</div>
<div id=""sample-right"">

<img src=""/wp-content/themes/imagethemeresponsive/images/String-Button.jpg"" alt="""" border=""0"" />
String &amp; Button

</div>
<div style=""clear: both;""></div>
<div id=""sample-left"">

<img src=""/wp-content/themes/imagethemeresponsive/images/Tint.jpg"" alt="""" border=""0"" />
Tint

</div>
<div id=""sample-right"">

<img src=""/wp-content/themes/imagethemeresponsive/images/Window.jpg"" alt="""" border=""0"" />
Window

</div>
<div style=""clear: both;""></div>
<div id=""sample-left"">

<img src=""/wp-content/themes/imagethemeresponsive/images/First-class-Border-with-Zipstick.jpg"" alt="""" border=""0"" />
First Class Border with Zipstick
<div style=""clear: both;""></div>
</div>",,20130407,page,http://azenvelope.loc/samples/,,,,,,,publish,1,samples,,page-hudson.php,0,0,closed,open,,,,,,,,,,,,,,page-hudson.php,,,,,,,,,,,,,,,,,,,,,,,,,,,,,,,,,,
28,"Contact Us",,,20130414,page,http://azenvelope.loc/contact-us/,,,,,,,publish,1,contact-us,,template-contact.php,0,0,open,open,,,,,,,,,,,,,,template-contact.php,,,,,,,,,,,,,,,,,,,,,,,,,,"Do you have a question, comment or suggestion to pass along to us?","Please send us a message!",,"Arizona Envelope Company","7248 S. Harl Avenue",,Tempe,AZ,85283
38,"Layouts & Die Lines","Are you sending us preprinted stock that Arizona Envelope will die cut and convert into envelopes? You must use one of our Layouts when setting up your artwork.  Please see the following list of the most popular layouts.

&nbsp;
<div id=""slim-line""></div>
&nbsp;
<ul>
	<li><strong><a href=""/wp-content/uploads/diecuts/Die_Layout_Instructions.pdf"" target=""_blank"">Die Layout Instructions</a></strong></li>
	<li><strong><a href=""/wp-content/uploads/diecuts/Hobbs_Layout_Instructions.pdf"" target=""_blank"">Hobbs Layout Instructions</a></strong></li>
	<li><a href=""http://azenvelope.loc/wp-content/uploads/2016/02/9-Remittance-6up-on-23x35-Outside-Bleeds.pdf"">#9 Remittance 6up on 23x35 Outside Bleeds</a></li>
	<li><a href=""/wp-content/uploads/diecuts/10_1_Up_on_11_x_17_Outside_Bleed.pdf"" target=""_blank"">#10 1 Up on 11 x 17 Outside Bleed</a></li>
	<li><a href=""/wp-content/uploads/diecuts/10_2_Up_on_17_1-2_x_23_OutsideBleed.pdf"" target=""_blank"">#10 2 Up on 17 1-2 x 23 OutsideBleed</a></li>
	<li><a href=""/wp-content/uploads/diecuts/10_4_Up_on_19_x_25_Outside_Bleed.pdf"" target=""_blank"">#10 4 Up on 19 x 25 Outside Bleed</a></li>
	<li><a href=""http://azenvelope.loc/wp-content/uploads/2015/01/10_8_up_on_25_x_38_BLEED.pdf"">#10_8_up_on_25_x_38_BLEED</a></li>
	<li><a href=""/wp-content/uploads/diecuts/10_Open_Side_4_Up_on_20_x_28_Outside_Bleeds.pdf"" target=""_blank"">#10 Open Side 4 Up on 20 x 28 Outside Bleeds</a></li>
	<li><a href=""http://azenvelope.loc/wp-content/uploads/2016/02/10-Open-Side-8-up-on-28x40-Outside-Bleeds.pdf"">#10 Open Side 8 up on 28x40 Outside Bleeds</a></li>
	<li><a href=""http://azenvelope.loc/wp-content/uploads/2013/12/11-1up-12.5-x-19-Outside-Bleeds.pdf"">#11 1 Up on 12.5 x 19 Outside Bleeds</a></li>
	<li><a href=""http://azenvelope.loc/wp-content/uploads/2013/04/6-x-9-Open-End-2-Up-on-19-x-25-Oustide-Bleed.pdf"">6 x 9 Open End 2 Up on 19 x 25 Oustide Bleed</a></li>
	<li><a href=""/wp-content/uploads/diecuts/6_x_9_Open_Side_1_Up_on_11-2_x_17_Outside_Bleed.pdf"" target=""_blank"">6 x 9 Open Side 1 Up on 11-2 x 17 Outside Bleed</a></li>
	<li><a href=""/wp-content/uploads/diecuts/9_x_12_Open_End_1_Up_on_17_1-2_x_23_Outside_Bleed.pdf"" target=""_blank"">9 x 12 Open End 1 Up on 17 1-2 x 23 Outside Bleed</a></li>
	<li><a href=""/wp-content/uploads/diecuts/9_x_12_Open_End_2_Up_on_23_x_35_Outside_Bleed.pdf"" target=""_blank"">9 x 12 Open End 2 Up on 23 x 35 Outside Bleed</a></li>
	<li><a href=""/wp-content/uploads/diecuts/9_x_12_Open_Side_1_Up_on_17_1-2_x_23_Outside_Bleed.pdf"" target=""_blank"">9 x 12 Open Side 1 Up on 17 1-2 x 23 Outside Bleed</a></li>
	<li><a href=""/wp-content/uploads/diecuts/9_x_12_Open_Side_2_Up_on_23_x_35_Outside_Bleed.pdf"" target=""_blank"">9 x 12 Open Side 2 Up on 23 x 35 Outside Bleed</a></li>
	<li><a href=""http://azenvelope.loc/wp-content/uploads/2013/12/10-x-13-Open-End-1-up-17_5-x-23-Outside-Bleeds.pdf"">10 x 13 Open End 1 up 17_5 x 23 Outside Bleeds</a></li>
	<li><a href=""http://azenvelope.loc/wp-content/uploads/2013/12/10-x-13-Open-End-2-up-on-23-x-35-Outside-Bleeds.pdf"">10 x 13 Open End 2 up on 23 x 35 Outside Bleeds</a></li>
	<li><a href=""http://azenvelope.loc/wp-content/uploads/2013/12/10-x-13-Open-Side-1-Up-on-17_5-x-23-Outside-Bleeds.pdf"">10 x 13 Open Side 1 Up on 17_5 x 23 Outside Bleeds</a></li>
	<li><a href=""http://azenvelope.loc/wp-content/uploads/2013/12/10-x-13-Open-Side-2-Up-on-23-x-35-Outside-Bleeds.pdf"">10 x 13 Open Side 2 Up on 23 x 35 Outside Bleeds</a></li>
	<li><a href=""http://azenvelope.loc/wp-content/uploads/2016/02/A-6-2up-on-12-x-18-Outside-Bleeds.pdf"">A-6 2up on 12 x 18 Outside Bleeds</a></li>
	<li><a href=""http://azenvelope.loc/wp-content/uploads/2013/12/A-7-4-Up-on-19x25-Outside-Bleeds.pdf"">A-7 4 Up on 19x25 Outside Bleeds</a></li>
	<li><a href=""http://azenvelope.loc/wp-content/uploads/2013/12/A-7-4-Up-on-19x25-Outside-Bleeds-Machine-Insertable.pdf"">A-7 4 Up on 19x25 Outside Bleeds Machine Insertable</a></li>
</ul>
&nbsp;
<div id=""slim-line""></div>
&nbsp;

If you do not see the layout you need, please contact us and we will get it for you.  Here is the information we will need to produce your layout:
1. What sheet size you are printing on?  2. How many up you will print?  3. Are there any outside or inside bleeds?",,20150120,page,http://azenvelope.loc/die-lines/,,,,,,,publish,1,die-lines,,page-rightbar.php,0,0,open,closed,,,,,,,,,,,,,,page-rightbar.php,,,,,,,,,,,,,,,,,,,,,,,,,,,,,,,,,,
40,"Frequently Asked Questions",,,20130415,page,http://azenvelope.loc/frequently-asked-questions/,,,,,,,publish,1,frequently-asked-questions,,page-hudson.php,0,0,closed,closed,,,,,,,,,,,,,,page-hudson.php,,,,,,,,,,,,,,,,,,,,,,,,,,,,,,,,,,
65,Equipment,"<strong>Rotary Automatic (RA)</strong> - High speed/capacity folding machine for commercial and small open side envelopes.  Has multiple window capabilities. Prints 2/1 flexo in line.

&nbsp;

<strong>Web feed RA</strong> - High speed/capacity folding machine for commercial and small open side envelopes.  Prints 2/1 flexo in line.  Can apply peel &amp; seal in line.  Has multiple window capabilities. Web feed gives the option of a lower cost alternative to die cut blanks.

&nbsp;

<strong>Wide Range</strong> - Small run folding machine for commercial and small open side envelopes. Has multiple window capabilities. Versatile for quick set ups on smaller runs.

&nbsp;

<strong>MO</strong> - Folding machine for large booklet open side and catalog open end envelopes. Prints 2/0 flexo in line. Can apply peel &amp; seal in line. Has multiple window capabilities.

&nbsp;

<strong>SO</strong> - Folding machine for very small open end and open side envelopes. Can apply latex seal gum.

&nbsp;

<strong>Latex</strong> - Applies latex seal to premanufactured envelopes for self sealing. Flap is extended.

&nbsp;

<strong>Clasp</strong> - Applies clasp to premanufactured envelopes for a resealable envelope. Flap is extended.

&nbsp;

<strong>Jet press</strong> - Lithographic quality printing on premanufactured envelopes. Up to 4 colors with perfecting capability (both face and back printing.)

&nbsp;

<strong>iJet press  -   </strong>Quality CMYK digital iJet printing on premanufactured envelopes and flat sheets.

&nbsp;

<strong>GTO/RYOBI press</strong> - Lithographic quality printing up to 4 colors for flat sheets.

&nbsp;

<strong>Diddie Web press - </strong> Lithographic quality printing up to 4 colors with perforating and numbering capabilities.

&nbsp;

&nbsp;",,20130415,page,http://azenvelope.loc/equipment/,,,,,,,publish,1,equipment,,page-rightbar.php,0,0,closed,closed,,,,,,,,,,,,,,page-rightbar.php,,,,,,,,,,,,,,,,,,,,,,,,,,,,,,,,,,
67,"Online Quote","Please tell us much as you can about your particular job requirements. We will have a representative contact you back.",,20130415,page,http://azenvelope.loc/online-quote/,,,,,,,publish,1,online-quote,,template-online-quote.php,0,0,closed,closed,,,,,,,,,,,,,,template-online-quote.php,,,,,,,,,,,,,,,,,,,,,,,,,,,,,,,,,,
816,Products,"<div style=""padding-bottom: 20px;""></div>",,20150824,page,http://azenvelope.loc/products/,http://azenvelope.loc/wp-content/uploads/2015/08/Home_Button_1_update112015v2.jpg|http://azenvelope.loc/wp-content/uploads/2015/08/Home_Button_2_update112015v2.jpg|http://azenvelope.loc/wp-content/uploads/2015/08/aze-popular-env.jpg|http://azenvelope.loc/wp-content/uploads/2015/08/Home_Button_2.jpg|http://azenvelope.loc/wp-content/uploads/2015/08/Home_Button_1.jpg,Home_Button_1_update112015v2|Home_Button_2_update112015v2|aze-popular-env|Home_Button_2|Home_Button_1,,,,,publish,1,products,,default,0,0,closed,closed,,,,,,,,,,,,,,default,,,,,,,,,,,,,,,,,,,,,,,,,,,,,,,,,,
817,Cart,[woocommerce_cart],,20150824,page,http://azenvelope.loc/cart/,,,,,,,publish,1,cart,,,0,0,closed,closed,,,,,,,,,,,,,,,,,,,,,,,,,,,,,,,,,,,,,,,,,,,,,,,,
818,Checkout,[woocommerce_checkout],,20150824,page,http://azenvelope.loc/checkout/,,,,,,,publish,1,checkout,,,0,0,closed,closed,,,,,,,,,,,,,,,,,,,,,,,,,,,,,,,,,,,,,,,,,,,,,,,,
819,"My Account",[woocommerce_my_account],,20150824,page,http://azenvelope.loc/my-account/,,,,,,,publish,1,my-account,,,0,0,closed,closed,,,,,,,,,,,,,,,,,,,,,,,,,,,,,,,,,,,,,,,,,,,,,,,,
907,"Store Home","<img class=""size-medium wp-image-892 alignleft"" src=""http://localhost/wp-content/uploads/2015/08/spacer.gif"" alt="""" width=""125"" height=""175"" />
<a href=""http://localhost/product-category/9-10-envelopes/""><img class=""size-medium wp-image-892 alignleft"" src=""http://localhost/wp-content/uploads/2015/08/Home_Button_2.jpg"" alt=""Home_Button_2"" width=""300"" height=""300"" /> </a>   <a href=""http://localhost/product-category/stock-size-envelopes/""><img class=""size-full wp-image-891 alignleft"" src=""http://localhost/wp-content/uploads/2015/08/Home_Button_1.jpg"" alt=""Home_Button_1"" width=""300"" height=""300"" /></a>
<img class=""size-medium wp-image-892 alignleft"" src=""http://localhost/wp-content/uploads/2015/08/spacer.gif"" alt="""" width=""125"" height=""175"" />",,20150921,page,http://azenvelope.loc/home/,,,,,,,publish,1,home,,front-page.php,0,0,closed,closed,,,,,,,,,,,,,,front-page.php,,,,,,,,,,,,,,,,,,,,,,,,,,,,,,,,,,
1068,"Upload File","[gravityform id=""2"" title=""true"" description=""true"" ajax=""true""]",,20160322,page,http://azenvelope.loc/upload-file/,,,,,,,publish,1,upload-file,,default,0,0,closed,closed,,,,,,,,,,,,,,default,,,,,,,,,,,,,,,,,,,,,,,,,,,,,,,,,,
1079,"Ad Page HTML","<p style=""text-align: center;""><a href=""http://shop.aze.dev.laneterralever.com/"">
<img class=""size-medium wp-image-250 aligncenter"" alt=""shop-azenvelope_01"" src=""http://azenvelope.loc/wp-content/uploads/2016/02/shop-azenvelope_01-300x87.png"" width=""300"" height=""87"" /></a>
<a href=""http://shop.aze.dev.laneterralever.com/""><img class=""size-medium wp-image-255 alignnone"" alt=""Store-open-home-page-ad_06"" src=""http://azenvelope.loc/wp-content/uploads/2016/02/Store-open-home-page-ad_06-300x119.png"" width=""300"" height=""119"" /></a></p>",,-00011130,page,http://azenvelope.loc/?page_id=1079,,,,,,,draft,1,,,default,0,0,closed,open,,,,,,,,,,,,,,default,,,,,,,,,,,,,,,,,,,,,,,,,,,,,,,,,,
1111,"Upload File","[gravityform id=""2"" title=""true"" description=""true"" ajax=""true""]",,20160322,page,http://azenvelope.loc/upload-file-2/,,,,,,,publish,1,upload-file-2,,default,0,0,closed,closed,,,,,,,,,,,,,,default,,,,,,,,,,,,,,,,,,,,,,,,,,,,,,,,,,
1211,Home,,,20160930,page,http://azenvelope.loc/,http://azenvelope.loc/wp-content/uploads/2016/09/submit-file-background-image.jpg|http://azenvelope.loc/wp-content/uploads/2016/09/header-hero-placeholder.jpg,submit-file-background-image|header-hero-placeholder,,,,,publish,3,home-3,,template-homepage.php,0,0,closed,closed,1223,field_57d722c184db4,"Your source for envelope manufacturing & printing","Our goal is to meet the expedient and exacting demands of our customers.",field_57d722e184db6,"Shop now",field_57e5798e01d6a,/product-category/most-popular-products/,field_57e579bf01d6b,"Request a Quote",field_57e579c901d6c,/online-quote,field_57e579d001d6d,template-homepage.php,,,,,,,,,,http://azenvelope.loc/wp-content/uploads/2016/09/header-hero-placeholder.jpg,"Your source for envelope manufacturing & printing","Our goal is to meet the expedient and exacting demands of our customers.","Shop now",/product-category/most-popular-products/,"Request a Quote",/online-quote,"Our Products",,,,,,"Contact us","Arizona Envelope Company","7248 S. Harl Avenue Tempe, AZ 85283","Do you a question, comment or suggestion to pass along to us?","Please send us a message!","[gravityform id=3 title=false description=false ajax=true tabindex=49]",,,,,,
1216,"View Samples",,,20160930,page,http://azenvelope.loc/samples-2/,,,,,,,publish,3,samples-2,,template-samples.php,0,0,closed,closed,,,,,,,,,,,,,,template-samples.php,,,,,,,,,,,,,,,,,,,,,,,,,,,,,,,,,,
1218,Resources,,,20160930,page,http://azenvelope.loc/resources/,,,,,,,publish,3,resources,,template-resources.php,0,0,closed,closed,,,,,,,,,,,,,,template-resources.php,,,,,,,,,,,,,,,,,,,,,,,,,,,,,,,,,,
1220,Company,,,20160930,page,http://azenvelope.loc/company/,,,,,,,publish,3,company,,template-custom.php,0,0,closed,closed,,,,,,,,,,,,,,template-custom.php,,,,,,,,,,,,,,,,,,,,,,,,,,,,,,,,,,
1296,"About Us","Arizona Envelope Company has been manufacturing and printing envelopes in Arizona for over 30 years. We have recently added new equipment and are planning for more in the future. Our goal is to meet the expedient and exacting demands of our customers.

Arizona Envelope has a versatile selection of equipment to run any envelope our customers require. For a view of our complete equipment list <a title=""Equipment"" href=""/equipment/"">click here</a>.

Arizona Envelope Company caters to the Trade Industry. The representatives can assist with quotes, status inquiries, technical questions relating to printing and envelope converting and turn times for the jobs or prospective jobs. They work with both the production personnel and estimating personnel to get the information the customer needs. For contact information see our <a title=""Contact Us"" href=""/contact-us/"">Contact Us</a> page.

This web site is being developed as a tool for our customers. Currently we have an electronic quote form to communicate directly with the estimating departments. This is intended as a back up to our service representatives. It offers a way to initiate a request on weekends, at night or any other time the representative may be unavailable. For our clients that have inventory with us, we are working on a portal so they can check inventory levels as well as release stock for delivery anytime they choose.

If you have any suggestions, comments or requests on our web site <a title=""Contact Us"" href=""tel:+18005406883"">please contact us at 800-540-6883.</a>",,20161005,page,http://azenvelope.loc/about-us/,,,,,,,publish,3,about-us,,default,0,0,closed,closed,,,,,,,,,,,,,,default,,,,,,,,,,,,,,,,,,,,,,,,,,,,,,,,,,
1302,"Privacy Policy","This privacy policy has been compiled to better serve those who are concerned with how their 'Personally Identifiable Information' (PII) is being used online. PII, as described in US privacy law and information security, is information that can be used on its own or with other information to identify, contact, or locate a single person, or to identify an individual in context. Please read our privacy policy carefully to get a clear understanding of how we collect, use, protect or otherwise handle your Personally Identifiable Information in accordance with our website.

What personal information do we collect from the people that visit our blog, website or app?

When ordering or registering on our site, as appropriate, you may be asked to enter your name, email address, mailing address, phone number or other details to help you with your experience.

When do we collect information?

We collect information from you when you register on our site, place an order, subscribe to a newsletter, fill out a form or enter information on our site.


How do we use your information?

We may use the information we collect from you when you register, make a purchase, sign up for our newsletter, respond to a survey or marketing communication, surf the website, or use certain other site features in the following ways:

      • To personalize your experience and to allow us to deliver the type of content and product offerings in which you are most interested.
      • To improve our website in order to better serve you.
      • To quickly process your transactions.

How do we protect your information?

Our website is scanned on a regular basis for security holes and known vulnerabilities in order to make your visit to our site as safe as possible.

We use regular Malware Scanning.

Your personal information is contained behind secured networks and is only accessible by a limited number of persons who have special access rights to such systems, and are required to keep the information confidential. In addition, all sensitive/credit information you supply is encrypted via Secure Socket Layer (SSL) technology.

We implement a variety of security measures when a user enters, submits, or accesses their information to maintain the safety of your personal information.

All transactions are processed through a gateway provider and are not stored or processed on our servers.

Do we use 'cookies'?

Yes. Cookies are small files that a site or its service provider transfers to your computer's hard drive through your Web browser (if you allow) that enables the site's or service provider's systems to recognize your browser and capture and remember certain information. For instance, we use cookies to help us remember and process the items in your shopping cart. They are also used to help us understand your preferences based on previous or current site activity, which enables us to provide you with improved services. We also use cookies to help us compile aggregate data about site traffic and site interaction so that we can offer better site experiences and tools in the future.

We use cookies to:
      • Help remember and process the items in the shopping cart.
      • Compile aggregate data about site traffic and site interactions in order to offer better site experiences and tools in the future. We may also use trusted third-party services that track this information on our behalf.

You can choose to have your computer warn you each time a cookie is being sent, or you can choose to turn off all cookies. You do this through your browser settings. Since browser is a little different, look at your browser's Help Menu to learn the correct way to modify your cookies.

If you turn cookies off, some features will be disabled. It won't affect the user's experience that make your site experience more efficient and may not function properly.

However, you will still be able to place orders .


Third-party disclosure

We do not sell, trade, or otherwise transfer to outside parties your Personally Identifiable Information unless we provide users with advance notice. This does not include website hosting partners and other parties who assist us in operating our website, conducting our business, or serving our users, so long as those parties agree to keep this information confidential. We may also release information when it's release is appropriate to comply with the law, enforce our site policies, or protect ours or others' rights, property or safety. 

However, non-personally identifiable visitor information may be provided to other parties for marketing, advertising, or other uses.

Third-party links

We do not include or offer third-party products or services on our website.

Google

Google's advertising requirements can be summed up by Google's Advertising Principles. They are put in place to provide a positive experience for users. https://support.google.com/adwordspolicy/answer/1316548?hl=en 

We use Google AdSense Advertising on our website.

Google, as a third-party vendor, uses cookies to serve ads on our site. Google's use of the DART cookie enables it to serve ads to our users based on previous visits to our site and other sites on the Internet. Users may opt-out of the use of the DART cookie by visiting the Google Ad and Content Network privacy policy.

We have implemented the following:
      • Demographics and Interests Reporting

We, along with third-party vendors such as Google use first-party cookies (such as the Google Analytics cookies) and third-party cookies (such as the DoubleClick cookie) or other third-party identifiers together to compile data regarding user interactions with ad impressions and other ad service functions as they relate to our website.

Opting out:
Users can set preferences for how Google advertises to you using the Google Ad Settings page. Alternatively, you can opt out by visiting the Network Advertising Initiative Opt Out page or by using the Google Analytics Opt Out Browser add on.

California Online Privacy Protection Act

CalOPPA is the first state law in the nation to require commercial websites and online services to post a privacy policy. The law's reach stretches well beyond California to require any person or company in the United States (and conceivably the world) that operates websites collecting Personally Identifiable Information from California consumers to post a conspicuous privacy policy on its website stating exactly the information being collected and those individuals or companies with whom it is being shared. - See more at: http://consumercal.org/california-online-privacy-protection-act-caloppa/#sthash.0FdRbT51.dpuf

According to CalOPPA, we agree to the following:
Users can visit our site anonymously.
Once this privacy policy is created, we will add a link to it on our home page or as a minimum, on the first significant page after entering our website.
Our Privacy Policy link includes the word 'Privacy' and can easily be found on the page specified above.

You will be notified of any Privacy Policy changes:
      • On our Privacy Policy Page
Can change your personal information:
      • By logging in to your account

How does our site handle Do Not Track signals?
We honor Do Not Track signals and Do Not Track, plant cookies, or use advertising when a Do Not Track (DNT) browser mechanism is in place.

Does our site allow third-party behavioral tracking?
It's also important to note that we allow third-party behavioral tracking

COPPA (Children Online Privacy Protection Act)

When it comes to the collection of personal information from children under the age of 13 years old, the Children's Online Privacy Protection Act (COPPA) puts parents in control. The Federal Trade Commission, United States' consumer protection agency, enforces the COPPA Rule, which spells out what operators of websites and online services must do to protect children's privacy and safety online.

We do not specifically market to children under the age of 13 years old.

Fair Information Practices

The Fair Information Practices Principles form the backbone of privacy law in the United States and the concepts they include have played a significant role in the development of data protection laws around the globe. Understanding the Fair Information Practice Principles and how they should be implemented is critical to comply with the various privacy laws that protect personal information.

In order to be in line with Fair Information Practices we will take the following responsive action, should a data breach occur:
We will notify you via email
      • Within 7 business days

We also agree to the Individual Redress Principle which requires that individuals have the right to legally pursue enforceable rights against data collectors and processors who fail to adhere to the law. This principle requires not only that individuals have enforceable rights against data users, but also that individuals have recourse to courts or government agencies to investigate and/or prosecute non-compliance by data processors.

CAN SPAM Act

The CAN-SPAM Act is a law that sets the rules for commercial email, establishes requirements for commercial messages, gives recipients the right to have emails stopped from being sent to them, and spells out tough penalties for violations.

We collect your email address in order to:
      • Send information, respond to inquiries, and/or other requests or questions
      • Process orders and to send information and updates pertaining to orders.
      • Send you additional information related to your product and/or service
      • Market to our mailing list or continue to send emails to our clients after the original transaction has occurred.

To be in accordance with CANSPAM, we agree to the following:
      • Not use false or misleading subjects or email addresses.
      • Identify the message as an advertisement in some reasonable way.
      • Include the physical address of our business or site headquarters.
      • Monitor third-party email marketing services for compliance, if one is used.
      • Honor opt-out/unsubscribe requests quickly.
      • Allow users to unsubscribe by using the link at the bottom of each email.

If at any time you would like to unsubscribe from receiving future emails, you can email us at
      • Follow the instructions at the bottom of each email.
and we will promptly remove you from ALL correspondence.


Contacting Us

If there are any questions regarding this privacy policy, you may contact us using the information below.

azenvelope.com
(800) 540-6883

Last Edited on 2016-10-05",,20161005,page,http://azenvelope.loc/privacy-policy/,,,,,,,publish,3,privacy-policy,,default,0,0,closed,closed,,,,,,,,,,,,,,default,,,,,,,,,,,,,,,,,,,,,,,,,,,,,,,,,,
1304,"Terms & Conditions","This is placeholder text content

This is placeholder text content - to be replaced from within mission control. Please ignore this text as it is for placeholder purposes only. This is placeholder text content - to be replaced from within mission control. Please ignore this text as it is for placeholder purposes only. This is placeholder text content - to be replaced from within mission control. Please ignore this text as it is for placeholder purposes only.

This is placeholder text content

This is placeholder text content - to be replaced from within mission control. Please ignore this text as it is for placeholder purposes only. This is placeholder text content - to be replaced from within mission control. Please ignore this text as it is for placeholder purposes only. This is placeholder text content - to be replaced from within mission control. Please ignore this text as it is for placeholder purposes only.

This is placeholder text content

This is placeholder text content - to be replaced from within mission control. Please ignore this text as it is for placeholder purposes only. This is placeholder text content - to be replaced from within mission control. Please ignore this text as it is for placeholder purposes only. This is placeholder text content - to be replaced from within mission control. Please ignore this text as it is for placeholder purposes only.

This is placeholder text content

This is placeholder text content - to be replaced from within mission control. Please ignore this text as it is for placeholder purposes only. This is placeholder text content - to be replaced from within mission control. Please ignore this text as it is for placeholder purposes only. This is placeholder text content - to be replaced from within mission control. Please ignore this text as it is for placeholder purposes only.",,20161005,page,http://azenvelope.loc/terms-conditions/,,,,,,,publish,3,terms-conditions,,default,0,0,closed,closed,,,,,,,,,,,,,,default,,,,,,,,,,,,,,,,,,,,,,,,,,,,,,,,,,
1306,News,,,20161005,page,http://azenvelope.loc/news/,,,,,,,publish,3,news,,templates/template-news.php,0,0,closed,closed,,,,,,,,,,,,,,templates/template-news.php,,,,,,,,,,,,,,,,,,,,,,,,,,,,,,,,,,
